source,target
austin_phillips,wildlife
scott_rinnan,wildlife
elliot_koontz,freshwater
kiva_oken,marine
kelsey_vitense,wildlife
mandi_fix,forestry
kai_ross,forestry
nick_kullman,forestry
harry_podschwit,forestry
rachel_stjohn,forestry
christine_stawitz,marine
brooke_davis,freshwater
jim_faulkner,freshwater
jim_faulkner,marine
jeff_rutter,marine
gregor_passolt,human
cole_monnahan,marine
melissa_muradian,marine
will_chen,freshwater
lee_cronin-fine,marine
aneesh_hariharan,marine
rachel_stjohn,wildlife
kiva_oken,forestry
brooke_davis,marine
gregor_passolt,forestry
gregor_passolt,marine
kelsey_vitense,freshwater
scott_rinnan,forestry
scott_rinnan,freshwater
kai_ross,wildlife
chloe_bracis,marine
chloe_bracis,wildlife
jeff_rutter,freshwater
